
-- Insert Data for EXHIBIT C - Part C -Detailed Pay Scale Breakdown for Regular Hours (Overtime =1.5 X the Basic Rate)
-- Insert Data for Skill table
INSERT INTO SKILL (SKILLID, SKILLCODE, SKILLCLASSIFICATION, BASICHOURLYRATE, FRINGE) VALUES (seqSKID.nextval, 'LAB', 'Labor', 15, 3);
INSERT INTO SKILL (SKILLID, SKILLCODE, SKILLCLASSIFICATION, BASICHOURLYRATE, FRINGE) VALUES (seqSKID.nextval, 'MAS', 'Masonry', 17, 3);
INSERT INTO SKILL (SKILLID, SKILLCODE, SKILLCLASSIFICATION, BASICHOURLYRATE, FRINGE) VALUES (seqSKID.nextval, 'EQP', 'Equipment Operation', 20, 3);

-- Insert EXHIBIT E- LILY LANDSCAPING GENERAL EMPLOYEE INFORMATION FORM
-- Inser Data for Employee
INSERT INTO EMPLOYEE (EMPLOYEEID, SSN, LASTNAME, FIRSTNAME, MI, STREET, CITY, STATE, ZIP, PHONE, GENDER, MARITALSTATUS, DOB, EEOTYPE) VALUES (seqSKID.nextval, '390054489
', 'Worker', 'James', 'E ', '1253 Chopping Block Lane', '23', 'IL', '62270', '3125554897  ', 'male', 'Single', TO_DATE('2019-11-10 20:12:17', 'YYYY-MM-DD HH24:MI:SS'), 2);
INSERT INTO EMPLOYEE (EMPLOYEEID, SSN, LASTNAME, FIRSTNAME, MI, STREET, CITY, STATE, ZIP, PHONE, GENDER, MARITALSTATUS, DOB, EEOTYPE) VALUES (seqSKID.nextval,'457892345'
, 'Pearl', 'Mike', 'A.', '1 Main Ave', 'Franklintown', 'IL', '62189', '3126785644', 'male', 'Married', TO_DATE('1990-02-23 20:12:17', 'YYYY-MM-DD HH24:MI:SS'), 5);
INSERT INTO EMPLOYEE (EMPLOYEEID, SSN, LASTNAME, FIRSTNAME, MI, STREET, CITY, STATE, ZIP, PHONE, GENDER, MARITALSTATUS, DOB, EEOTYPE) VALUES (seqSKID.nextval, '188345603
', 'Patterson', 'Mary', 'L.', '123 1st Street', 'Franklintown', 'IL', '62189', '3121112345', 'female', 'Married', TO_DATE('1985-11-11 20:12:17', 'YYYY-MM-DD HH24:MI:SS'), 2);
INSERT INTO EMPLOYEE (EMPLOYEEID, SSN, LASTNAME, FIRSTNAME, MI, STREET, CITY, STATE, ZIP, PHONE, GENDER, MARITALSTATUS, DOB, EEOTYPE) VALUES (seqSKID.nextval, '188345604
', 'Li', 'Anna', 'NA', '456 1st Street', 'Franklintown', 'IL', '62189', '3121112346', 'female', 'Single', TO_DATE('1993-12-20 20:12:17', 'YYYY-MM-DD HH24:MI:SS'), 3);
INSERT INTO EMPLOYEE (EMPLOYEEID, SSN, LASTNAME, FIRSTNAME, MI, STREET, CITY, STATE, ZIP, PHONE, GENDER, MARITALSTATUS, DOB, EEOTYPE) VALUES (seqSKID.nextval, '188345605
', 'Tham', 'Catherine', 'L.', '789 1st Street', 'Franklintown', 'IL', '62189', '3121112347', 'female', 'Married', TO_DATE('1981-04-05 20:12:17', 'YYYY-MM-DD HH24:MI:SS'), 1);
INSERT INTO EMPLOYEE (EMPLOYEEID, SSN, LASTNAME, FIRSTNAME, MI, STREET, CITY, STATE, ZIP, PHONE, GENDER, MARITALSTATUS, DOB, EEOTYPE) VALUES (seqSKID.nextval, '188345606
', 'Kupkova', 'Helena', 'Q.', '123 2nd Street', 'Franklintown', 'IL', '62189', '3121112348', 'female', 'Single', TO_DATE('1991-10-01 20:12:17', 'YYYY-MM-DD HH24:MI:SS'), 1);
INSERT INTO EMPLOYEE (EMPLOYEEID, SSN, LASTNAME, FIRSTNAME, MI, STREET, CITY, STATE, ZIP, PHONE, GENDER, MARITALSTATUS, DOB, EEOTYPE) VALUES (seqSKID.nextval, '188345607
', 'Lee', 'Michael', 'NA', '789 2nd Street', 'Franklintown', 'IL', '62189', '3121112349', 'male', 'Married', TO_DATE('1986-07-13 20:12:17', 'YYYY-MM-DD HH24:MI:SS'), 3);
INSERT INTO EMPLOYEE (EMPLOYEEID, SSN, LASTNAME, FIRSTNAME, MI, STREET, CITY, STATE, ZIP, PHONE, GENDER, MARITALSTATUS, DOB, EEOTYPE) VALUES (seqSKID.nextval, '188345608
', 'Dedecs', 'John', 'E.', '456 2nd Street', 'Franklintown', 'IL', '62189', '3121112350', 'male', 'Married', TO_DATE('1975-08-20 20:12:17', 'YYYY-MM-DD HH24:MI:SS'), 5);
INSERT INTO EMPLOYEE (EMPLOYEEID, SSN, LASTNAME, FIRSTNAME, MI, STREET, CITY, STATE, ZIP, PHONE, GENDER, MARITALSTATUS, DOB, EEOTYPE) VALUES (seqSKID.nextval, '188345609
', 'Anderson', 'Carlos', 'E.', '123 3rd Street', 'Franklintown', 'IL', '62189', '3121112351', 'male', 'Married', TO_DATE('1974-09-21 20:12:17', 'YYYY-MM-DD HH24:MI:SS'), 5);
INSERT INTO EMPLOYEE (EMPLOYEEID, SSN, LASTNAME, FIRSTNAME, MI, STREET, CITY, STATE, ZIP, PHONE, GENDER, MARITALSTATUS, DOB, EEOTYPE) VALUES (seqSKID.nextval, '275506921
', 'Wacker', 'Roland', 'P.', '456 3rd Street', 'Franklintown', 'IL', '62189', '3121112352', 'male', 'Married', TO_DATE('1991-03-21 20:12:17', 'YYYY-MM-DD HH24:MI:SS'),5);


-- Insert Date for PROJECT Table
INSERT INTO PROJECT (PROJECTID, PROJECTNUMBER, PROJECTNAME, PROJECTADDRESS, PROJECTDESCRIPTION, VEHICLEID, TOOLID) VALUES (3, 'IL-SJB-335-007', 'Ross', '456 2nd Blvd Benjamin, Illinois 62980', 'Landscaping for Ross', 1, 1);
INSERT INTO PROJECT (PROJECTID, PROJECTNUMBER, PROJECTNAME, PROJECTADDRESS, PROJECTDESCRIPTION, VEHICLEID, TOOLID) VALUES (4, 'IL-SJB-335-008', 'Scioto', '789 3rd Blvd Benjamin, Illinois 62980', 'Landscaping for Scioto', 1, 1);
INSERT INTO PROJECT (PROJECTID, PROJECTNUMBER, PROJECTNAME, PROJECTADDRESS, PROJECTDESCRIPTION, VEHICLEID, TOOLID) VALUES (5, 'IL-SJB-335-009', 'Lawrence', '123 Lawrence Blvd Benjamin, Illinois 62980', 'Landscaping for Lawrence', 1, 1);
INSERT INTO PROJECT (PROJECTID, PROJECTNUMBER, PROJECTNAME, PROJECTADDRESS, PROJECTDESCRIPTION, VEHICLEID, TOOLID) VALUES (1, 'IL-SJB-335-005', 'Labor', 'New city park located at 3456 Foobar Blvd Benjamin, Illinois 62980', 'Landscaping for park according to city plans.', 1, 1);
INSERT INTO PROJECT (PROJECTID, PROJECTNUMBER, PROJECTNAME, PROJECTADDRESS, PROJECTDESCRIPTION, VEHICLEID, TOOLID) VALUES (2, 'IL-SJB-335-006', 'Pike', '123 1st Blvd Benjamin, Illinois 62980', 'Landscaping for Pike', 1, 1);

-- Insert Data for TIME_CARD TABLE
INSERT INTO TIME_CARD (TIMECARDID, SKILLID, EMPLOYEEID, PROJECTID, STARTTIME, ENDTIME, TOTALTIME) VALUES (26, 2, 2, 1, TO_DATE('2018-03-08 08:00:00', 'YYYY-MM-DD HH24:MI:SS'), TO_DATE('2018-03-08 13:00:00', 'YYYY-MM-DD HH24:MI:SS'), 5);
INSERT INTO TIME_CARD (TIMECARDID, SKILLID, EMPLOYEEID, PROJECTID, STARTTIME, ENDTIME, TOTALTIME) VALUES (1, 1, 1, 1, TO_DATE('2020-11-09 08:00:00', 'YYYY-MM-DD HH24:MI:SS'), TO_DATE('2020-11-09 11:00:00', 'YYYY-MM-DD HH24:MI:SS'), 3);
INSERT INTO TIME_CARD (TIMECARDID, SKILLID, EMPLOYEEID, PROJECTID, STARTTIME, ENDTIME, TOTALTIME) VALUES (2, 2, 1, 1, TO_DATE('2020-11-09 11:00:00', 'YYYY-MM-DD HH24:MI:SS'), TO_DATE('2020-11-09 14:00:00', 'YYYY-MM-DD HH24:MI:SS'), 3);
INSERT INTO TIME_CARD (TIMECARDID, SKILLID, EMPLOYEEID, PROJECTID, STARTTIME, ENDTIME, TOTALTIME) VALUES (3, 1, 1, 1, TO_DATE('2020-11-09 14:00:00', 'YYYY-MM-DD HH24:MI:SS'), TO_DATE('2020-11-09 21:00:00', 'YYYY-MM-DD HH24:MI:SS'), 7);
INSERT INTO TIME_CARD (TIMECARDID, SKILLID, EMPLOYEEID, PROJECTID, STARTTIME, ENDTIME, TOTALTIME) VALUES (27, 2, 3, 1, TO_DATE('2018-03-08 08:00:00', 'YYYY-MM-DD HH24:MI:SS'), TO_DATE('2018-03-08 14:00:00', 'YYYY-MM-DD HH24:MI:SS'), 6);
INSERT INTO TIME_CARD (TIMECARDID, SKILLID, EMPLOYEEID, PROJECTID, STARTTIME, ENDTIME, TOTALTIME) VALUES (28, 1, 50, 1, TO_DATE('2018-03-08 08:00:00', 'YYYY-MM-DD HH24:MI:SS'), TO_DATE('2018-03-08 13:00:00', 'YYYY-MM-DD HH24:MI:SS'), 5);
INSERT INTO TIME_CARD (TIMECARDID, SKILLID, EMPLOYEEID, PROJECTID, STARTTIME, ENDTIME, TOTALTIME) VALUES (30, 3, 1, 1, TO_DATE('2018-03-08 08:00:00', 'YYYY-MM-DD HH24:MI:SS'), TO_DATE('2018-03-08 13:00:00', 'YYYY-MM-DD HH24:MI:SS'), 5);
INSERT INTO TIME_CARD (TIMECARDID, SKILLID, EMPLOYEEID, PROJECTID, STARTTIME, ENDTIME, TOTALTIME) VALUES (4, 1, 1, 1, TO_DATE('2020-11-10 08:00:00', 'YYYY-MM-DD HH24:MI:SS'), TO_DATE('2020-11-10 11:00:00', 'YYYY-MM-DD HH24:MI:SS'), 3);
INSERT INTO TIME_CARD (TIMECARDID, SKILLID, EMPLOYEEID, PROJECTID, STARTTIME, ENDTIME, TOTALTIME) VALUES (5, 2, 1, 1, TO_DATE('2020-11-10 11:00:00', 'YYYY-MM-DD HH24:MI:SS'), TO_DATE('2020-11-10 14:00:00', 'YYYY-MM-DD HH24:MI:SS'), 3);
INSERT INTO TIME_CARD (TIMECARDID, SKILLID, EMPLOYEEID, PROJECTID, STARTTIME, ENDTIME, TOTALTIME) VALUES (6, 3, 1, 1, TO_DATE('2020-11-10 14:00:00', 'YYYY-MM-DD HH24:MI:SS'), TO_DATE('2020-11-10 21:00:00', 'YYYY-MM-DD HH24:MI:SS'), 7);
INSERT INTO TIME_CARD (TIMECARDID, SKILLID, EMPLOYEEID, PROJECTID, STARTTIME, ENDTIME, TOTALTIME) VALUES (7, 1, 1, 1, TO_DATE('2020-11-11 08:00:00', 'YYYY-MM-DD HH24:MI:SS'), TO_DATE('2020-11-11 11:00:00', 'YYYY-MM-DD HH24:MI:SS'), 3);
INSERT INTO TIME_CARD (TIMECARDID, SKILLID, EMPLOYEEID, PROJECTID, STARTTIME, ENDTIME, TOTALTIME) VALUES (8, 2, 1, 1, TO_DATE('2020-11-11 11:00:00', 'YYYY-MM-DD HH24:MI:SS'), TO_DATE('2020-11-11 14:00:00', 'YYYY-MM-DD HH24:MI:SS'), 3);
INSERT INTO TIME_CARD (TIMECARDID, SKILLID, EMPLOYEEID, PROJECTID, STARTTIME, ENDTIME, TOTALTIME) VALUES (9, 1, 1, 1, TO_DATE('2020-11-11 14:00:00', 'YYYY-MM-DD HH24:MI:SS'), TO_DATE('2020-11-11 19:00:00', 'YYYY-MM-DD HH24:MI:SS'), 5);
INSERT INTO TIME_CARD (TIMECARDID, SKILLID, EMPLOYEEID, PROJECTID, STARTTIME, ENDTIME, TOTALTIME) VALUES (10, 1, 1, 1, TO_DATE('2020-11-12 08:00:00', 'YYYY-MM-DD HH24:MI:SS'), TO_DATE('2020-11-12 11:00:00', 'YYYY-MM-DD HH24:MI:SS'), 3);
INSERT INTO TIME_CARD (TIMECARDID, SKILLID, EMPLOYEEID, PROJECTID, STARTTIME, ENDTIME, TOTALTIME) VALUES (11, 2, 1, 1, TO_DATE('2020-11-12 11:00:00', 'YYYY-MM-DD HH24:MI:SS'), TO_DATE('2020-11-12 14:00:00', 'YYYY-MM-DD HH24:MI:SS'), 3);
INSERT INTO TIME_CARD (TIMECARDID, SKILLID, EMPLOYEEID, PROJECTID, STARTTIME, ENDTIME, TOTALTIME) VALUES (12, 1, 1, 1, TO_DATE('2020-11-12 14:00:00', 'YYYY-MM-DD HH24:MI:SS'), TO_DATE('2020-11-12 21:00:00', 'YYYY-MM-DD HH24:MI:SS'), 7);
INSERT INTO TIME_CARD (TIMECARDID, SKILLID, EMPLOYEEID, PROJECTID, STARTTIME, ENDTIME, TOTALTIME) VALUES (13, 1, 1, 2, TO_DATE('2020-11-13 14:00:00', 'YYYY-MM-DD HH24:MI:SS'), TO_DATE('2020-11-13 16:00:00', 'YYYY-MM-DD HH24:MI:SS'), 2);
INSERT INTO TIME_CARD (TIMECARDID, SKILLID, EMPLOYEEID, PROJECTID, STARTTIME, ENDTIME, TOTALTIME) VALUES (14, 3, 21, 2, TO_DATE('2020-11-13 14:00:00', 'YYYY-MM-DD HH24:MI:SS'), TO_DATE('2020-11-13 16:00:00', 'YYYY-MM-DD HH24:MI:SS'), 2);
INSERT INTO TIME_CARD (TIMECARDID, SKILLID, EMPLOYEEID, PROJECTID, STARTTIME, ENDTIME, TOTALTIME) VALUES (15, 2, 1, 2, TO_DATE('2020-11-13 14:00:00', 'YYYY-MM-DD HH24:MI:SS'), TO_DATE('2020-11-13 16:00:00', 'YYYY-MM-DD HH24:MI:SS'), 2);
INSERT INTO TIME_CARD (TIMECARDID, SKILLID, EMPLOYEEID, PROJECTID, STARTTIME, ENDTIME, TOTALTIME) VALUES (16, 1, 1, 1, TO_DATE('2020-11-16 08:00:00', 'YYYY-MM-DD HH24:MI:SS'), TO_DATE('2020-11-16 17:00:00', 'YYYY-MM-DD HH24:MI:SS'), 9);
INSERT INTO TIME_CARD (TIMECARDID, SKILLID, EMPLOYEEID, PROJECTID, STARTTIME, ENDTIME, TOTALTIME) VALUES (19, 2, 49, 2, TO_DATE('2018-03-07 08:00:00', 'YYYY-MM-DD HH24:MI:SS'), TO_DATE('2018-03-07 18:00:00', 'YYYY-MM-DD HH24:MI:SS'), 10);
INSERT INTO TIME_CARD (TIMECARDID, SKILLID, EMPLOYEEID, PROJECTID, STARTTIME, ENDTIME, TOTALTIME) VALUES (17, 1, 49, 2, TO_DATE('2018-03-05 08:00:00', 'YYYY-MM-DD HH24:MI:SS'), TO_DATE('2018-03-05 18:00:00', 'YYYY-MM-DD HH24:MI:SS'), 10);
INSERT INTO TIME_CARD (TIMECARDID, SKILLID, EMPLOYEEID, PROJECTID, STARTTIME, ENDTIME, TOTALTIME) VALUES (18, 3, 49, 2, TO_DATE('2018-03-06 08:00:00', 'YYYY-MM-DD HH24:MI:SS'), TO_DATE('2018-03-06 18:00:00', 'YYYY-MM-DD HH24:MI:SS'), 10);
INSERT INTO TIME_CARD (TIMECARDID, SKILLID, EMPLOYEEID, PROJECTID, STARTTIME, ENDTIME, TOTALTIME) VALUES (20, 1, 49, 2, TO_DATE('2018-03-08 08:00:00', 'YYYY-MM-DD HH24:MI:SS'), TO_DATE('2018-03-08 18:00:00', 'YYYY-MM-DD HH24:MI:SS'), 10);
INSERT INTO TIME_CARD (TIMECARDID, SKILLID, EMPLOYEEID, PROJECTID, STARTTIME, ENDTIME, TOTALTIME) VALUES (21, 3, 49, 1, TO_DATE('2018-03-09 08:00:00', 'YYYY-MM-DD HH24:MI:SS'), TO_DATE('2018-03-09 11:00:00', 'YYYY-MM-DD HH24:MI:SS'), 3);
INSERT INTO TIME_CARD (TIMECARDID, SKILLID, EMPLOYEEID, PROJECTID, STARTTIME, ENDTIME, TOTALTIME) VALUES (31, 1, 46, 1, TO_DATE('2018-03-07 08:00:00', 'YYYY-MM-DD HH24:MI:SS'), TO_DATE('2018-03-07 16:00:00', 'YYYY-MM-DD HH24:MI:SS'), 8);
INSERT INTO TIME_CARD (TIMECARDID, SKILLID, EMPLOYEEID, PROJECTID, STARTTIME, ENDTIME, TOTALTIME) VALUES (22, 1, 1, 1, TO_DATE('2018-03-05 08:00:00', 'YYYY-MM-DD HH24:MI:SS'), TO_DATE('2018-03-05 18:00:00', 'YYYY-MM-DD HH24:MI:SS'), 10);
INSERT INTO TIME_CARD (TIMECARDID, SKILLID, EMPLOYEEID, PROJECTID, STARTTIME, ENDTIME, TOTALTIME) VALUES (23, 1, 1, 1, TO_DATE('2018-03-06 08:00:00', 'YYYY-MM-DD HH24:MI:SS'), TO_DATE('2018-03-06 18:00:00', 'YYYY-MM-DD HH24:MI:SS'), 10);
INSERT INTO TIME_CARD (TIMECARDID, SKILLID, EMPLOYEEID, PROJECTID, STARTTIME, ENDTIME, TOTALTIME) VALUES (24, 1, 1, 1, TO_DATE('2018-03-07 08:00:00', 'YYYY-MM-DD HH24:MI:SS'), TO_DATE('2018-03-07 13:00:00', 'YYYY-MM-DD HH24:MI:SS'), 5);
INSERT INTO TIME_CARD (TIMECARDID, SKILLID, EMPLOYEEID, PROJECTID, STARTTIME, ENDTIME, TOTALTIME) VALUES (32, 1, 48, 1, TO_DATE('2018-03-07 08:00:00', 'YYYY-MM-DD HH24:MI:SS'), TO_DATE('2018-03-07 13:00:00', 'YYYY-MM-DD HH24:MI:SS'), 5);
INSERT INTO TIME_CARD (TIMECARDID, SKILLID, EMPLOYEEID, PROJECTID, STARTTIME, ENDTIME, TOTALTIME) VALUES (33, 3, 43, 1, TO_DATE('2018-03-07 08:00:00', 'YYYY-MM-DD HH24:MI:SS'), TO_DATE('2018-03-07 09:00:00', 'YYYY-MM-DD HH24:MI:SS'), 1);
INSERT INTO TIME_CARD (TIMECARDID, SKILLID, EMPLOYEEID, PROJECTID, STARTTIME, ENDTIME, TOTALTIME) VALUES (34, 3, 44, 1, TO_DATE('2018-03-07 08:00:00', 'YYYY-MM-DD HH24:MI:SS'), TO_DATE('2018-03-07 10:00:00', 'YYYY-MM-DD HH24:MI:SS'), 2);
INSERT INTO TIME_CARD (TIMECARDID, SKILLID, EMPLOYEEID, PROJECTID, STARTTIME, ENDTIME, TOTALTIME) VALUES (35, 1, 47, 1, TO_DATE('2018-03-07 08:00:00', 'YYYY-MM-DD HH24:MI:SS'), TO_DATE('2018-03-07 09:00:00', 'YYYY-MM-DD HH24:MI:SS'), 1);
INSERT INTO TIME_CARD (TIMECARDID, SKILLID, EMPLOYEEID, PROJECTID, STARTTIME, ENDTIME, TOTALTIME) VALUES (36, 2, 43, 1, TO_DATE('2018-03-07 08:00:00', 'YYYY-MM-DD HH24:MI:SS'), TO_DATE('2018-03-07 09:00:00', 'YYYY-MM-DD HH24:MI:SS'), 1);
INSERT INTO TIME_CARD (TIMECARDID, SKILLID, EMPLOYEEID, PROJECTID, STARTTIME, ENDTIME, TOTALTIME) VALUES (37, 3, 42, 1, TO_DATE('2018-03-07 08:00:00', 'YYYY-MM-DD HH24:MI:SS'), TO_DATE('2018-03-07 08:00:00', 'YYYY-MM-DD HH24:MI:SS'), 0);
INSERT INTO TIME_CARD (TIMECARDID, SKILLID, EMPLOYEEID, PROJECTID, STARTTIME, ENDTIME, TOTALTIME) VALUES (38, 3, 44, 1, TO_DATE('2018-03-07 06:00:00', 'YYYY-MM-DD HH24:MI:SS'), TO_DATE('2018-03-07 09:00:00', 'YYYY-MM-DD HH24:MI:SS'), 3);

-- Insert Data for TOOL AND VEHICLE Table.
INSERT INTO TOOL (TOOLID, TOOLNAME, TOOLTYPE) VALUES (1, 'Test ', 'hand ');
INSERT INTO VEHICLE (VEHICLEID, VIN, LICENSEPLATE, ISRENTAL, YEAR, NEEDSREPAIR) VALUES (1, '123', 'MN', 1, 2020, 0);